Insight,Date,Description,Segment,Source,Source link
I trust AI to do low-threshold actions automatically (closing tasks),2026-07-14,,Enterprise,Interviews,https://miro.com/app/board/uXjVH8qb0_g=/?share_link_id=819698734754
My biggest concern about AI & automations is how mistakes are handled,2026-07-14,,Enterprise,Interviews,https://miro.com/app/board/uXjVH8qb0_g=/?share_link_id=819698734754
I want to know about fuel and cost anomalies without creating reports manually,2026-07-14,,Enterprise,Interviews,https://miro.com/app/board/uXjVH8qb0_g=/?share_link_id=819698734754
I want fields across multiple vehicle entries to be updated from a single document,2026-07-14,,Enterprise,Interviews,https://miro.com/app/board/uXjVH8qb0_g=/?share_link_id=819698734754
Some actions will require context I don't trust AI to have (e.g. driver assignment),2026-07-14,,Enterprise,Interviews,https://miro.com/app/board/uXjVH8qb0_g=/?share_link_id=819698734754
It's enough for me to have an overview of tasks that were created. I don't need to approve every action,2026-07-15,,Unknown,Interviews,https://miro.com/app/board/uXjVH8qb0_g=/?share_link_id=819698734754
I want to have control over driver assignments because of context,2026-07-15,,Unknown,Interviews,https://miro.com/app/board/uXjVH8qb0_g=/?share_link_id=819698734754
I want return and handover documents to be digital and automated,2026-07-15,,Unknown,Interviews,https://miro.com/app/board/uXjVH8qb0_g=/?share_link_id=819698734754
I want to know about behaviors where drivers don't comply with our guidelines,2026-07-15,,Unknown,Interviews,https://miro.com/app/board/uXjVH8qb0_g=/?share_link_id=819698734754
The biggest gap between operational work and AI capabilities helping is in Reporting,2026-06-25,,Unknown,Survey,https://vimcar.slack.com/files/U0B0N22BW4U/F0BFGHEG2EP/shiftmove_fleet_intelligence_report_2026.pdf
Detailed setup or potential activation of automatic mileage reminders for drivers (in system settings) was mentioned but not decided/configured,2026-06-28,,Unknown,Customer Success,https://demodesk.com/recordings/10eb4c03ff407c17?t=2037.712&query=automation&tab=transcript
I want to reliably know how far a car drove between fuelling up,2026-07-16,,Unknown,Interviews,https://miro.com/app/board/uXjVH8qb0_g=/?share_link_id=819698734754
"In order to add a UVV task to all vehicles, I need to click on all of them manually.",2026-07-16,,Unknown,Interviews,https://miro.com/app/board/uXjVH8qb0_g=/?share_link_id=819698734754
I want to know if drivers are doctoring the fuel numbers,2026-07-16,,Unknown,Interviews,https://miro.com/app/board/uXjVH8qb0_g=/?share_link_id=819698734754
I want to know the mileage of our leasing cars in order to evaluate whether they're within the contract boundaries and I need to change something,2026-07-16,,Unknown,Interviews,https://miro.com/app/board/uXjVH8qb0_g=/?share_link_id=819698734754
I spend so much time cleaning data in Avrios because I want the reports and statuses to be accurate,2026-07-16,,Unknown,Interviews,https://miro.com/app/board/uXjVH8qb0_g=/?share_link_id=819698734754
I want to be alerted about data anomalies in order to review and resolve them,2026-07-16,,Unknown,Interviews,https://miro.com/app/board/uXjVH8qb0_g=/?share_link_id=819698734754
Only if something requires my attention do I want to manually be involved. Otherwise I trust the AI,2026-07-16,,Unknown,Interviews,https://miro.com/app/board/uXjVH8qb0_g=/?share_link_id=819698734754
I want full visibility into what happened when over the lifetime of a vehicle,2026-07-16,,Unknown,Interviews,https://miro.com/app/board/uXjVH8qb0_g=/?share_link_id=819698734754
I want to know how much to sell our cars for,2026-07-16,,Unknown,Interviews,https://miro.com/app/board/uXjVH8qb0_g=/?share_link_id=819698734754
For recurring data requests I want automated reports,2026-07-16,,Unknown,Interviews,https://miro.com/app/board/uXjVH8qb0_g=/?share_link_id=819698734754
The FM doesn't have to remember TÜV because in CH you get a reminder in the post,2026-07-16,,Unknown,Interviews,https://miro.com/app/board/uXjVH8qb0_g=/?share_link_id=819698734754
"I want to have the fine and damage process be automated End-to-end (including comms with garages, etc.)",2026-07-16,,Unknown,Interviews,https://miro.com/app/board/uXjVH8qb0_g=/?share_link_id=819698734754
Handover should be digitized and automated for me,2026-07-16,,Unknown,Interviews,https://miro.com/app/board/uXjVH8qb0_g=/?share_link_id=819698734754
I want full control over the procurement & sale of cars because it has a direct impact on money,2026-07-16,,Unknown,Interviews,https://miro.com/app/board/uXjVH8qb0_g=/?share_link_id=819698734754
"I need to make sure that all documents are filed with the right instance, so there's a clear trace for cost centers",2026-07-16,,Unknown,Interviews,https://miro.com/app/board/uXjVH8qb0_g=/?share_link_id=819698734754
"Because data entry and care is such a pain (mileage, costs, insurance) the report quality is insufficient",2026-07-16,,Unknown,Interviews,https://miro.com/app/board/uXjVH8qb0_g=/?share_link_id=819698734754
We're changing our procurement because manual mileage updates are too cumbersome,2026-07-16,,Unknown,Interviews,https://miro.com/app/board/uXjVH8qb0_g=/?share_link_id=819698734754
I want benchmarks when it comes to total cost of ownership in order to make data driven decisions,2026-07-16,,Unknown,Interviews,https://miro.com/app/board/uXjVH8qb0_g=/?share_link_id=819698734754
"I want to always be able to revert things the AI does, because I don't trust the AI to make no mistakes",2026-07-16,,Unknown,Interviews,https://miro.com/app/board/uXjVH8qb0_g=/?share_link_id=819698734754
"If every thing needs to be approved, it defies the point of automation",2026-07-16,,Unknown,Interviews,https://miro.com/app/board/uXjVH8qb0_g=/?share_link_id=819698734754
The current dashboard is not really helpful. It's overwhelming and the data quality is bad,2026-07-16,,Unknown,Interviews,https://miro.com/app/board/uXjVH8qb0_g=/?share_link_id=819698734754
I don't always have all information at hand to complete a vehicle adding process. I want to be able to save vehicles without ALL info.,2026-07-16,,Unknown,Interviews,https://miro.com/app/board/uXjVH8qb0_g=/?share_link_id=819698734754
Users want one comprehensive handover/return report generated from the vehicle check,2026-07-17,Fleet managers want a single complete handover/return protocol produced from the vehicle check.,Unknown,Planhat,
The handover/return protocol has workflow blockers in the vehicle-checklist flow,2025-12-09,Unresolved workflow blockers exist in the handover/return protocol within vehicle checklists.,Unknown,Planhat,
Fleet managers want a shared replacement-car pool available across all sub-organizations,2026-01-08,A fleet with sub-organizations wants a replacement-car pool usable across all of them.,Multi-entity,Planhat,
Fleet managers want the fine report linked to driver-license-check status,2026-01-08,They want regular links between the fine report and driver-license-check status to spot correlations.,Unknown,Planhat,
Fleet managers want fine scan date and location fields as columns in the fine overview,2026-01-08,"They want fine attributes (upload date, city, date forwarded, notification date, fine type) as overview columns for monthly reporting.",Enterprise,Planhat,
Fleet managers want the undivided annual fringe-benefit value and KM cost downloadable as report columns,2026-01-13,They want the yearly fringe-benefit value (not the /12 amount) and KM cost downloadable to run their own payroll calculations.,Enterprise,Planhat,
"Fleet managers want the UVV certificate to show the driver's specific subsidiary, not the main account name",2026-01-14,In multi-entity companies the UVV certificate should display the driver's assigned subsidiary for legally accurate records.,Multi-entity,Planhat,
Fleet managers want an audit log of driver-license-check rejections and reasons per driver,2026-01-14,They want a history of DLC rejections and reasons to address recurring issues and meet owner-liability compliance.,Large fleet,Planhat,
Fleet managers want to mark checklist items as non-critical so a negative answer skips the review queue,2026-01-14,They want to designate certain checklist items as non-blocking to avoid manually clearing routine negative responses.,Large fleet,Planhat,
Fleet managers want to configure which boolean answer triggers a checklist alert,2026-01-15,"They want to set which answer value triggers a warning, to avoid confusing double-negative questions and false alerts.",Unknown,Planhat,
Fleet managers want the first compliance-check reminder to fire immediately when a vehicle is added,2026-01-15,They want the initial recurring check to trigger at once on vehicle creation rather than after the first interval.,Unknown,Planhat,
"Fleet managers want to forward an entire procurement conversation thread, not just one message",2026-01-16,"They need to forward whole procurement conversations, e.g. to a leasing contact's stand-in or as evidence.",Unknown,Planhat,
Fleet managers want to record a purchase agreement with depreciation and a financing contract in parallel,2026-01-16,"The system blocks parallel purchase-with-depreciation and financing contracts, forcing external workarounds for credit-financed purchases.",Unknown,Planhat,
Fleet managers want a next-nearest-vehicle button when locating an available vehicle,2026-01-16,"Only the single nearest vehicle is shown; they want to step through 2nd, 3rd nearest to dispatch efficiently.",Unknown,Planhat,
Fleet managers want organization-level user rights so vehicles move between domains without support,2026-01-21,Moving vehicles between domains creates support load and data waste; they want org-level rights within one domain.,Multi-entity,Planhat,
Fleet managers want a 'Not Ordered' procurement status,2026-01-21,A 'Not Ordered' status would keep canceled or paused procurements traceable without title-field workarounds that break replacement links.,Unknown,Planhat,
Fleet managers want automated reminder emails redesigned so the company name is not cut off,2026-01-23,Cut-off company names make automated reminders look like spam and get ignored.,Unknown,Planhat,
Fleet managers want a monthly breakdown option in consumption-report exports,2026-01-23,Consumption exports give cumulative totals; they want month-by-month grouping to spot spikes without manual Excel work.,Unknown,Planhat,
Fleet managers want a dashboard showing the active fleet split by cost centre,2026-01-23,"They want a quick dashboard view of the fleet split by cost centre, as already exists by vehicle type.",Unknown,Planhat,
"Fleet managers want a custom, non-straight-line depreciation schedule",2026-01-23,The system only allows equal-installment depreciation; they want per-year custom percentages or amounts.,Unknown,Planhat,
Fleet managers want to reply or forward inbox messages without linking them to an order,2026-01-23,The procurement inbox is often used for non-procurement mail; they want to reply/forward without attaching to an order.,Unknown,Planhat,
Fleet managers want newly linked inbox messages to stay marked unread,2026-01-23,When a message is linked to an order it should remain an unread notification so it is easy to find among many open procurements.,Unknown,Planhat,
Fleet managers want to be notified when an email sent from a case bounces,2026-01-23,"Beyond the send history, they want a bounce-back notification.",Unknown,Planhat,
Fleet managers want a read-only fines role with task rights but no master-data access,2026-01-23,A role that views fines read-only and can modify tasks but cannot access master data.,Unknown,Planhat,
Fleet managers want to customise the sender address and content for mileage reminders,2026-01-23,Mileage reminders are ignored or flagged as spam due to a generic sender; customisable sender and content are wanted.,Unknown,Planhat,
Fleet managers want automated service tasks to include a country-specific instruction attachment,2026-01-23,Auto-generated service tasks should carry an attachment that differs by country policy.,Unknown,Planhat,
Fleet managers want more granular damage-case statuses,2026-01-26,"In damages they want to choose the case status (open, in progress, closed) with sub-states like awaiting-invoice or reported-to-leasing.",Unknown,Planhat,
"Fleet managers want task templates that can be due on a mileage interval, not only a date",2026-01-26,They want templates for mileage-interval tasks as well as date-interval ones.,Unknown,Planhat,
Fleet managers want real-time alerts and a delivery-status report when fine emails fail,2026-01-27,"They need instant bounce/SMTP-failure alerts plus a delivery-status report (recipient, timestamp, status, error, fine reference) for legal certainty.",Unknown,Planhat,
Fleet managers want an Amount placeholder added to fine templates,2026-01-27,They want the auto-populated Amount field available as a fine-template placeholder.,Unknown,Planhat,
"Fleet managers want user rights scoped by vehicle type, not only by organization",2026-01-28,"In large mixed fleets, users own specific vehicle types (vans, forklifts, cars); type-level rights would unblock large rollouts.",Enterprise,Planhat,
Bug: changing an overdue driver-license-check interval displays the interval as 0,2026-01-28,"Changing the DLC interval for an overdue driver shows 0 instead of resetting the overdue status, causing confusion.",Unknown,Planhat,
Fleet managers want a level-up navigation back to the vehicle task overview,2026-01-28,There is no direct navigation from a task back to the vehicle-specific task list; users rely on the browser back button.,Unknown,Planhat,
Fleet managers want a short grace period instead of an immediate deadline for initial licence setup,2026-01-28,The initial driver-licence setup deadline is immediate; a few days' processing window would help. Nice-to-have.,Unknown,Planhat,
Fleet managers want custom fields auto-filled based on the value of another custom field,2026-01-28,They want dependent custom fields populated automatically from a driving field's value.,Unknown,Planhat,
Fleet managers want to manage the driver-declaration-to-authorities document in the platform,2026-01-28,They want to handle the point-penalty driver-declaration document within the system.,Unknown,Planhat,
Fleet managers want templates for payment tasks within fines,2026-01-28,Option to create reusable templates for fine payment tasks.,Unknown,Planhat,
Fleet managers want fringe-benefit value pro-rated to the days a driver was assigned in a month,2026-01-29,"Mid-month assignment changes cannot be pro-rated, so some users compute fringe benefit offline.",Unknown,Planhat,
Fleet managers want an alert when a refuel quantity exceeds the tank capacity,2026-01-29,They want an email alert when an uploaded fuel transaction shows a refill larger than the tank capacity.,Unknown,Planhat,
Fleet managers want fines linked to and shown in the driver's master data,2026-01-30,Fines should appear as a tab or history in driver master data to avoid switching modules.,Unknown,Planhat,
Fleet managers want a user role limited to driver-vehicle assignments only,2026-02-02,Colleagues who only change driver-vehicle assignments should not get full data access.,Unknown,Planhat,
"Fleet managers want driver-behaviour reporting for idling, harsh braking and speeding",2026-02-02,A competitor offers driver-behaviour telematics reporting to cut costs; this is missing here.,Unknown,Planhat,
Accuracy issue: the consumption report shows different values in the Excel export vs in-app,2026-02-02,"Different calculation methods produce mismatched consumption values between the app and its export, raising accuracy concerns; churn risk in the large-enterprise segment.",Enterprise,Planhat,
Fleet managers want custom procurement statuses for transparency,2026-02-02,Procurement and purchasing teams want custom statuses to track and overview cases.,Unknown,Planhat,
Fleet managers want procurement directories grouped by financing type,2026-02-02,Users overseeing many procurements want directories per finance type such as leasing or purchase.,Enterprise,Planhat,
Fleet managers want to filter damages by purpose of trip in reporting,2026-02-03,A purpose-of-trip filter on the damage dashboard would enable more granular executive reporting.,Unknown,Planhat,
Fleet managers want to choose which driver and vehicle fields appear in the driver app,2026-02-05,"They want configurable driver-app fields such as fuel-card PIN, cost centre, contract end date and an intranet link. Nice-to-have.",Unknown,Planhat,
Fleet managers want maintenance-contract costs displayable in the vehicle overview,2026-02-10,Maintenance-contract costs should be addable as a quick-filter column in the vehicle overview like leasing and insurance costs.,Unknown,Planhat,
Fleet managers want UVV questions to vary by vehicle class,2026-02-10,All drivers currently take the full UVV test regardless of vehicle class; larger fleets want class-specific questions.,Large fleet,Planhat,
Fleet managers want blocking fees included in the premium-cost logic,2026-02-10,Blocking fees should be automatically charged to drivers via premium-cost logic; high request volume.,Unknown,Planhat,
Fleet managers want fine emails sent from the user's personal address,2026-02-11,Drivers ignore or spam-filter the generic notification address; sending from a personal address would help.,Unknown,Planhat,
Fleet managers want to create more than one payment task per fine,2026-02-11,"They need multiple tasks per fine, e.g. a payment reminder plus a licence-details deadline.",Unknown,Planhat,
Fleet managers want a sell-or-keep action for vehicles once depreciation ends,2026-02-12,"After depreciation, cars appear under 'no financing costs'; users want a sell-or-keep option, e.g. a symbolic residual value.",Unknown,Planhat,
"Fleet managers want a reserved-licence-plate field in procurements, visible in the overview",2026-02-16,"A field for the reserved licence plate in procurements, shown in the procurement overview.",Unknown,Planhat,
"Fleet managers want a 'fuel card ordered' checkbox in procurements, visible in the overview",2026-02-16,"A check-field for whether fuel cards are ordered, shown in the procurement overview.",Unknown,Planhat,
Fleet managers want the internal-comment field as a column in the procurement overview,2026-02-18,Users note info in internal comments and want it visible as an overview column so others need not open each procurement.,Unknown,Planhat,
Bug: some euro values show three decimals in the vehicle overview,2026-02-20,"The financing monthly-fee column sometimes shows three decimals; it should be two, as elsewhere.",Unknown,Planhat,
Fleet managers want itemized fuel-consumption reporting (LNG vs diesel) for hybrids,2026-02-20,Hybrid fuel evaluations bundle all fuel types; users need separate LNG and diesel consumption for cost accounting.,Unknown,Planhat,
Fleet managers want a field for lease special or down payments in the contract annex,2026-02-20,A dedicated field for optional lease down-payments so this core cost is tracked within the contract.,Unknown,Planhat,
Fleet managers want separate fines email addresses per sub-organization,2026-02-20,Fines are mis-assigned to the main org; per-sub-org fines addresses would route them correctly.,Multi-entity,Planhat,
Fleet managers want insurance details shown in the driver app,2026-02-23,"They want insurance policy number, provider and emergency contact linked to driver contracts and surfaced in the driver app.",Unknown,Planhat,
"Fleet managers want task templates for damages, as exist for procurements and vehicles",2026-02-25,Tasks can be created in damages but not saved as templates.,Unknown,Planhat,
Fleet managers want a native driver app instead of the browser-based one,2026-02-26,"The browser app causes password and login issues, especially for less-digital drivers; a native app is requested.",Large fleet,Planhat,
Fleet managers want the pool-booking overview exportable to Excel,2026-02-27,The pool-booking overview should export to Excel.,Unknown,Planhat,
Fleet managers want to adjust the close date when bulk-resolving recurring tasks,2026-02-27,"For fixed-date recurring tasks such as annual vehicle tax, bulk-resolving forces the next due date off the original date.",Unknown,Planhat,
Fleet managers want automated recurring report sending on a schedule,2026-02-27,"Customers want reports (TCO/damage quarterly, flex biannually, overdue tasks weekly) sent automatically on schedule.",Enterprise,Planhat,
Fleet managers want the mileage driver's info added to the booking overview,2026-02-27,Request to show the mileage driver's info in the booking overview; no further detail provided.,Unknown,Planhat,
Fleet managers want inspection checklists auto-sent to drivers at pool pickup and return,2026-02-27,Automatically send a digital inspection checklist when a pool vehicle is picked up or returned.,Pool fleet,Planhat,
"Fleet managers want manual approval for fuel invoices too, not just PDF invoices",2026-02-27,Fuel invoices auto-release; users want to review every invoice before release.,Unknown,Planhat,
Fleet managers want per-organization invoice email addresses to include the org name,2026-02-27,"When each org has its own invoice email, including the org name in the address makes the right one easy to find.",Multi-entity,Planhat,
Fleet managers want a CC option when forwarding procurement messages to multiple people,2026-02-27,Users often need to forward a procurement message to several recipients.,Unknown,Planhat,
"Fleet managers want to bulk-update insurance contracts, e.g. via Excel import",2026-03-04,"Yearly insurance-fee changes are too laborious to update, so some users stop maintaining insurance contracts.",Unknown,Planhat,
"Fleet managers want to bulk-update annual vehicle-tax values, e.g. via Excel import",2026-03-04,Yearly vehicle-tax changes are too laborious to update manually.,Unknown,Planhat,
"Fleet managers want to add variations to insurance contracts, as with leasing",2026-03-04,Insurance contracts should support variations like leasing contracts do.,Unknown,Planhat,
Fleet managers want a shared workshop-appointment calendar with key dates,2026-03-04,"They want a workshop and maintenance calendar (currently in Outlook) plus a shared calendar of tasks, contract ends and maintenance.",Unknown,Planhat,
Fleet managers want a mobile-friendly admin app,2026-03-04,The admin experience is poor on mobile; the pool calendar and filtered vehicle lists are hard to use on a phone.,Unknown,Planhat,
Fleet managers want AI to detect fuel and consumption anomalies with automatic alerts,2026-03-04,"Multiple customers want AI anomaly detection: consumption-vs-mileage discrepancies, duplicate/night/weekend refills, non-fuel purchases, AdBlue misuse and lease-vs-invoice mismatches.",Enterprise,Planhat,
"Fleet managers want to add notes to procurements, as in damages, especially on quotes",2026-03-04,"They want a note function on procurements and quotes to record why quote prices differ, since details are forgotten over months.",Unknown,Planhat,
"Fleet managers want vehicle age shown as years, months and days rather than decimals",2026-03-05,"Age shown as a decimal like 1.08 years is unhelpful; they want years, months and days.",Unknown,Planhat,
Fleet managers want damage invoices to also appear under the vehicle's invoices tab,2026-03-05,Damage-related invoices do not show under invoices; users expect them in the vehicle's invoice overview.,Unknown,Planhat,
Fleet managers want to filter and prioritise system-generated tasks on the home dashboard,2026-03-06,Procurement-template tasks flood the home overview and bury real due-today tasks; users want filtering and dating of system tasks.,Unknown,Planhat,
Fleet managers want workshop-order usability fixes,2026-03-06,"Several workshop-order issues: clicking opens the quote not the overview, can't close without an end date, can be closed without an appointment, and type/assignment are not editable.",Unknown,Planhat,
Fleet managers want fine reply emails to auto-route to a shared team address,2026-03-06,"When a driver replies to a fine notification the reply should go to a shared mailbox, not the individual sender who may be out of office.",Unknown,Planhat,
Fleet managers want automatic driver reminders when a licence is about to expire,2026-03-06,Auto-send licence-expiry reminders directly to drivers to ensure timely renewal without manual follow-up.,Unknown,Planhat,
Fleet managers want a default attachment auto-added to fine payment tasks,2026-03-12,The driver-declaration form is always the same and should attach automatically to payment tasks instead of being added manually each time.,Unknown,Planhat,
Fleet managers want a returns-planning overview of soon-returning company cars with location and features,2026-03-13,"Large-fleet managers want to know in advance when and where a vehicle frees up and its features, to reassign efficiently and cut downtime.",Large fleet,Planhat,
Fleet managers want an upload field within the multi-step contract approval process,2026-03-13,Approvers should be able to add and sign contract PDFs within the approval flow so the manager ends with one fully signed contract.,Unknown,Planhat,
Drivers want the DLC notification to state which specific document is requested,2026-03-17,"The DLC email or SMS does not say which document (licence vs driver card) is needed, causing wrong uploads and rework.",Specialised fleet,Planhat,
Fleet managers want to buy Austrian road toll within the platform,2026-03-17,Let drivers and admins purchase road toll in-app and include it in TCO and other reports.,Unknown,Planhat,
Fleet managers want a saved address book of authority emails for fines,2026-03-17,Authority and parking-enforcement emails are often missing and manually searched each time; a saved contact memory would cut repetitive lookups and misrouting risk.,Unknown,Planhat,
Fleet managers want continuous sync of a replaced vehicle's cost centre into open procurements,2026-03-18,A replacement procurement pulls the cost centre once; later changes are not re-synced and must be fixed manually.,Unknown,Planhat,
Fleet managers want to open a replacement procurement directly from the vehicle,2026-03-18,Users must go back to procurements or decommissioning; they want to start a replacement from within the vehicle file.,Unknown,Planhat,
Fleet managers want to select multiple options within one overview filter,2026-03-18,"Filters allow one value; users want to select several, e.g. all hybrid fuel-type variants at once.",Unknown,Planhat,
Fleet managers want to reuse the same contact email across multiple vendors,2026-03-18,An email can belong to only one vendor; users want a warn-and-confirm on reuse instead of fake-email workarounds.,Unknown,Planhat,
Fleet admins want to edit and correct submitted driver checklists,2026-03-19,Drivers sometimes enter wrong values such as freight temperatures; admins want to correct submitted checklists for accurate compliance records.,Specialised fleet,Planhat,
Fleet managers want to create leasing contracts without a contractual mileage,2026-03-19,Residual-value and flat-rate leases have no mileage; users are forced to enter placeholder values that confuse mileage reporting.,Unknown,Planhat,
Fleet managers want to delete or archive obsolete checklists without support,2026-03-19,Removing test or unused checklists requires a support ticket and long waits; self-service deletion is wanted.,Unknown,Planhat,
Fleet managers want to move multiple documents between folders in bulk,2026-03-23,Users move sets of inspection documents one by one; a bulk move is wanted.,Unknown,Planhat,
"Fleet managers want non-admin users to trigger odometer requests, and to do so in bulk from the vehicle list",2026-03-24,A large customer wants non-admin read/write users to send odometer requests and to trigger them via multi-select bulk action.,Enterprise,Planhat,
Fleet managers want multiple item-specific comment fields in vehicle-check templates,2026-03-24,A single general comment box forces drivers to bundle notes; item-specific comment fields would structure feedback.,Unknown,Planhat,
"Fleet managers want an internal, manager-only comment field on vehicle checks",2026-03-24,Any note in the system is driver-visible; managers want internal notes hidden from drivers for follow-ups.,Large fleet,Planhat,
Fleet managers want tire dimensions available in reports and exports,2026-03-25,Tire dimensions exist in master data but cannot be included in reports; needed for seasonal tire-service lists.,Unknown,Planhat,
Fleet managers want depreciation plans for operating-hours assets such as forklifts,2026-03-25,Purchase contracts with depreciation cannot be assigned to operating-hours vehicles; mixed fleets need this.,Specialised fleet,Planhat,
"Fleet managers want a task odometer field separate from the vehicle odometer, allowing historical values",2026-03-26,An odometer entered on a retroactive task is validated against the current higher reading and rejected; a non-validating historical field is needed.,Unknown,Planhat,
Fleet managers want drivers to update a changed licence number during a repeat DLC,2026-03-26,If a licence number changes between checks the driver is locked out and the manager must archive and re-initiate the DLC manually.,Unknown,Planhat,
"Fleet managers want PDF exports filtered by driver, not just by vehicle",2026-03-27,"They want a driver-based PDF export of all completed and categorised trips for one driver, like the vehicle-based one.",Unknown,Planhat,
"Fleet managers want odometer values shown as numbers, not text, in Excel exports",2026-03-27,Odometer records export as text; users want them as numbers. Nice-to-have.,Unknown,Planhat,
Fleet managers want the mobile phone number on the damage-report PDF when the landline is empty,2026-03-27,The damage PDF shows only the landline; it should fall back to the mobile number.,Unknown,Planhat,
Fleet managers want a scheduled-date column and dynamic master-data display in the task overview,2026-03-27,They want a toggleable execution-date column and automatic display of relevant custom fields such as tire storage or preferred workshop in the task view.,Unknown,Planhat,
Fleet managers want to save ad-hoc tasks as templates during creation,2026-03-27,"A checkbox to save a task as a template while creating it, instead of building templates separately.",Unknown,Planhat,
Fleet managers want to auto-generate driver assignment letters on company letterhead,2026-03-30,"On new assignments, generate an assignment letter with vehicle, dates, driver and fringe benefit on the company letterhead from data already in the system.",Unknown,Planhat,
Fleet managers want sub-org users to access mailroom documents via dedicated sub-org addresses,2026-03-30,Mailroom documents go to the main org so sub-org users cannot see them; per-sub-org mailroom addresses are needed.,Multi-entity,Planhat,
Fleet managers want the expected budget shown next to a procurement offer,2026-03-31,They want the policy- and level-based expected budget beside the received offer to see quickly if it fits or must be charged to the driver.,Unknown,Planhat,
Fleet managers want a pop-up shortcut to open the case a mailroom document was added to,2026-03-31,"Like the claims inbox pop-up, a shortcut to jump straight to the updated case such as a claim or fine.",Unknown,Planhat,
Fleet managers want to build custom reports from task data,2026-04-01,Task data cannot be used in custom reports; users want all task data points available.,Unknown,Planhat,
Fleet managers want driver-app login by username instead of email,2026-04-02,"Many drivers have no company email; a username-and-password login (like the old PIN users) is wanted, especially for migrated customers.",Unknown,Planhat,
"Fleet managers want auto-forwarding of specific mailroom documents, e.g. to insurers",2026-04-10,"Documents often need forwarding, e.g. to insurance; automating this would raise mailroom value (vertical potential).",Unknown,Planhat,
Fleet managers want per-sub-org mailroom integration addresses,2026-04-10,"Mailroom-address documents land in the main org; per-sub-org addresses, like invoice integration, are needed.",Multi-entity,Planhat,
Fleet managers want a tasks-only user role with read-only master data,2026-04-10,"A restricted role limited to task handling (attachments, create/resolve) with read-only master data.",Unknown,Planhat,
Fleet managers want a fringe-benefit-only user role,2026-04-10,A role that can only access the fringe-benefit tab in read and write mode.,Unknown,Planhat,
Bug: deleted pool groups still appear in the pool-calendar sort menu,2026-04-10,Only existing pool groups should show in sort-pools; deleted ones should not.,Unknown,Planhat,
Fleet managers want to attach invoices to a procurement before the vehicle is active,2026-04-14,Down-payment invoices arrive before the vehicle is active; users want to attach them to the procurement and reallocate cost when the vehicle activates.,Unknown,Planhat,
Fleet managers want to assign vehicle checks during vehicle creation,2026-04-16,Checks must be added on a separate screen after creation and are often forgotten; assigning them in the creation flow prevents compliance gaps.,Unknown,Planhat,
"Fleet managers want decision-ready pool-vehicle utilization logic, not just raw data",2026-04-17,"A large customer can extract data but cannot judge which pool vehicles are under-utilised or should be relocated; they want a multi-factor utilization score (frequency, days-in-use, trip patterns) for keep/move decisions.",Pool fleet,Planhat,
Fleet managers want instant tasks that notify the driver immediately,2026-04-19,Task emails have a minimum one-day delay; urgent tasks need immediate notification.,Mid-market,Planhat,
Fleet managers want a feedback comment when a task is closed,2026-04-19,"A closing comment, e.g. noting a problem found during the task, would aid task-management adoption.",Unknown,Planhat,
Fleet managers want the recognised contract number included in auto-generated file names,2026-04-19,"For the mailroom auto-naming feature, include the contract number found in the document.",Unknown,Planhat,
Fleet managers want recognised contract documents stored in the contracts section,2026-04-19,"A contract document recognised in the mailroom should be stored in, or linked to, the contracts section.",Unknown,Planhat,
Fleet managers want to customise which premium fuels a driver may buy,2026-04-20,"Customers want to define allowed premium fuels, since premium can sometimes be cheaper than standard.",Unknown,Planhat,
"Fleet managers want batched, auto-dismissing, user-targeted fine-import notifications",2026-04-20,"Processing a batch of fines spawns many stacked pop-ups shown to all users; they want a single summary, auto-dismiss, targeting only the initiator, and an opt-out.",Enterprise,Planhat,
Fleet managers want the starting/handover mileage shown prominently on mileage monitoring,2026-04-20,The handover odometer is not displayed; users dig through history to find it for calculations.,Unknown,Planhat,
"Fleet managers want reporting to reflect actual lease payments, not just contract dates",2026-04-21,"Some lessors charge the first month fully and skip the last, so contract-date-based reports do not match the ledger.",Unknown,Planhat,
"Fleet managers want the procurement title, not just the number, as a column in the task overview",2026-04-21,Tasks tied to a procurement show only the number; the title would identify the future vehicle.,Unknown,Planhat,
Fleet managers want custom fields in damage management,2026-04-21,Custom fields are considered essential in the damage module.,Unknown,Planhat,
Fleet managers want the case number auto-filled into the damage-number field,2026-04-23,Users manually copy the case number into the damage-number field; auto-fill is wanted. Nice-to-have.,Unknown,Planhat,
Fleet managers want to create folders and subfolders directly from the mailroom,2026-04-23,"When uploading, users find a folder missing and want to create it in the mailroom, as with creating a damage.",Unknown,Planhat,
Fleet managers want to link a mailroom document to a procurement,2026-04-23,"In bulk upload, users want to attach a document to an existing or new procurement.",Unknown,Planhat,
Fleet managers want the mailroom to hide smime.p7s signature files,2026-04-27,Digitally signed emails show an irrelevant smime.p7s file that should not be displayed.,Unknown,Planhat,
Fleet managers want batch scanning with automatic separation for fines,2026-04-28,Fines must be scanned individually; batch scan with automatic separation would save time. Nice-to-have.,Unknown,Planhat,
Fleet managers want latest messages shown at the top of each conversation,2026-04-29,Users want newest messages on top instead of scrolling to the end each time.,Unknown,Planhat,
Fleet managers want to download or forward mis-routed invoices from the mailroom,2026-04-30,Non-fleet documents sometimes land in the mailroom; users want to download or forward them (with CC and a template) to the right team.,Unknown,Planhat,
Fleet managers want truck licence classes and their medical and qualification expiries tracked,2026-04-30,"For heavy-vehicle classes, users need class-specific expiries, medical certificates and professional-driver qualifications tracked in-platform; today it is manual spreadsheets.",Specialised fleet,Planhat,
Fleet managers want a mailroom notification badge for new uploads,2026-05-04,"A notification next to the mailroom menu when new documents are uploaded and processed, like fines and procurement.",Unknown,Planhat,
Inconsistency: fines behave differently via the mailroom vs the fines email address,2026-05-04,"Sending a fine to the mailroom address splits it into several documents (some unsupported) and mislabels them, unlike the fines address which processes it as one case.",Unknown,Planhat,
Fleet managers want drivers set up as PIN users for the driver app,2026-05-05,"Not all drivers have a company email, so PIN-user setup is wanted.",Unknown,Planhat,
Drivers want to end a booking early,2026-05-07,Only full cancellation is possible; drivers want to end a booking before its scheduled end.,Unknown,Planhat,
Fleet managers want to reorder steps and items within vehicle checks,2026-05-07,A fixed order forces drivers to enter interior data before exterior photos; a logical exterior-first reorder would ease pre-trip checks.,Unknown,Planhat,
Fleet managers want to detect and restrict address changes used to hide private vehicle use,2026-05-12,"A large fleet found users editing trip destinations to the nearest station to disguise private use; they want geofencing, clearer export of changes and in-app monitoring.",Large fleet,Planhat,
Fleet managers want the auto-approval process applied at the mailroom level,2026-05-12,"Auto-approval does not work on mailroom documents, so users approve each manually; bulk-select approval is wanted.",Unknown,Planhat,
Fleet managers want drag-and-drop column reordering for master data,2026-05-12,Users want to reorder master-data columns via drag and drop.,Unknown,Planhat,
Fleet managers want to bulk-set invoice line items to standard when an invoice is read as a contract,2026-05-13,"When an invoice is recognised as a contract, users must change each position to standard; a one-step change is wanted.",Unknown,Planhat,
Fleet managers want to duplicate or clone invoice line items,2026-05-13,Imported invoices often need splitting across vehicles; cloning line items would avoid manual re-entry.,Unknown,Planhat,
Fleet managers want a mailroom notification with a new-document count,2026-05-15,"A badge showing the number of new mailroom documents, like the fines symbol.",Unknown,Planhat,
"Fleet managers want recurring-task due dates to stay fixed, not shift with completion date",2026-05-18,"For fixed-date obligations such as annual inspections and tire changes, the due date must stay fixed regardless of early completion; flagged as a blocker.",Unknown,Planhat,
Fleet managers want a return checklist auto-sent when a pool booking ends,2026-05-18,"Automatically send a return checklist when a pool booking terminates, to capture condition, mileage and damages.",Pool fleet,Planhat,
Fleet managers want to order multiple vehicles of the same type in a single procurement,2026-05-19,Large fleets order in batches and want a quota procurement from which individual vehicles are activated on delivery.,Large fleet,Planhat,
Fleet managers want a link to booking details in the bookings list,2026-05-19,Partially filled request to add a link to booking details in the bookings list; little detail provided.,Unknown,Planhat,
UX: procurement-template tasks all fall due today and bury genuinely due tasks,2026-05-20,"Template-generated procurement tasks all show as due today on the main page, hiding tasks that are really due.",Unknown,Planhat,
Fleet managers want bookings auto-deleted when a driver is set inactive,2026-05-27,"When a driver is marked inactive their future bookings should be deleted, ideally with a confirm pop-up, so the vehicle is not blocked.",Unknown,Planhat,
Fleet managers want a notification when a DLC needs their review,2026-05-29,"Managers want an email or in-app alert, individual or weekly, when a driver has completed a check needing verification.",Unknown,Planhat,
Fleet managers want fines on shared vehicles assigned to the driver from the booking calendar,2026-06-02,"For shared vehicles, fines should be attributed to whoever was driving per the shared-vehicle calendar.",Unknown,Planhat,
Fleet managers want more granular user permissions,2026-06-02,"For example, users with only pool-reservation access should not reach master data, vehicles, documents or contracts.",Unknown,Planhat,
Fleet managers want an ending-mileage field and in-booking damage reporting for pool vehicles,2026-06-02,"On return there is no mileage entry and no way to log damage against the booked vehicle; users want an ending-mileage field, a distance calc, and a damage report with photos and a roadworthiness flag.",Pool fleet,Planhat,
Fleet managers want a mandatory policy-acknowledgement checkbox for pool bookings,2026-06-03,Store internal fleet policies and require drivers to confirm they have read them before finalising a pool booking.,Unknown,Planhat,
"Fleet managers want an assigned-organizations filter in the driver list, as in vehicles",2026-06-03,Organizations are not shown in the driver-list filter as they are for vehicles.,Unknown,Planhat,
Fleet managers want to connect multiple emails to the same fine,2026-06-04,Users want to forward a driver's confirmation email and attach it to an existing fine instead of screenshotting it.,Unknown,Planhat,
Fleet managers want a collective lease invoice filed to each vehicle's contract folder without being processed as an invoice,2026-06-04,"A monthly collective lease invoice covering several vehicles should be stored in each vehicle's contract folder for reference, not read as an invoice, since costs are already recorded.",Unknown,Planhat,
"Fleet managers want on-site manual DLC via manager PIN with optional photo, respecting works-council and privacy rules",2026-06-08,"For non-smartphone drivers and strict privacy or works-council settings, managers want to clear checks on-site via PIN without a mandatory photo, preserving the automated schedule; flagged as a churn risk.",Enterprise,Planhat,
Bug: fuel-card assignment start date is not marked as a required field,2026-06-10,"When a vehicle is chosen for a fuel card, the start-assignment-date field should be marked required, and vice versa.",Unknown,Planhat,
Fleet managers want rich-text formatting in fine-management email templates,2026-06-12,"The template editor is plain-text; users want bold, underline and colour, plus brand-compliant signatures.",Unknown,Planhat,
Fleet managers want a separate internal template name vs the outbound email subject,2026-06-12,"Template names auto-derive from the subject and truncate; users want a short internal label plus a descriptive subject, and resizable columns.",Unknown,Planhat,
Fleet managers want a central admin area to manage fine email templates,2026-06-12,"Users must open a specific fine case to edit templates; a standalone template settings area is wanted, like task templates.",Unknown,Planhat,
Fleet managers want an uploaded PDF on the vehicle file to auto-fetch the licence plate,2026-06-15,Invoices uploaded at vehicle level are not linked to the vehicle; auto-detecting the plate would remove manual adjustment.,Unknown,Planhat,
Fleet managers want to upload PDF fuel invoices directly,2026-06-23,"Many fuel invoices arrive as PDF; users currently convert to CSV/XLS or build Excel manually, which is painful, especially for EV providers.",Unknown,Planhat,
Fleet managers want clear classification of involved parties in the damage-export PDF,2026-06-23,"The damage PDF does not clearly mark who is injured party, witness or owner; users edit the PDF or dump names in free text before sending to insurers.",Unknown,Planhat,
Performance: importing fines via the mailroom is much slower than the fines portal,2026-06-24,Fine import through the mailroom takes far longer than uploading via the fines portal.,Unknown,Planhat,
Fleet managers want single-choice (radio or dropdown) answers in vehicle checklists,2026-06-25,"Checklists only support binary pass/fail; multi-option questions cause false errors, so single-choice options are wanted.",Specialised fleet,Planhat,
Fleet managers want configurable BEV charging-cost and standing/blocking-fee alerts,2026-06-26,"An e-mobility fleet wants adjustable alerts for expensive charging and for overnight standing or blocking fees, to cut costs and enforce driver discipline.",Specialised fleet,Planhat,
Fleet managers want overdue DLC checks escalated to a supervisor automatically,2026-06-26,"When a driver misses a DLC deadline, auto-escalate to a defined manager instead of manual follow-up.",Large fleet,Planhat,
Fleet managers want tasks grouped by vehicle on the dashboard,2026-06-29,"On hovering or selecting a task, show other open tasks for the same vehicle, with a do-these-too prompt.",Unknown,Planhat,
"Fleet managers want mileage-based, or combined, frequency in task templates",2026-06-29,Task templates only support time-based frequency; mileage or combined intervals are wanted.,Unknown,Planhat,
Bug: tax recalculation only triggers when the fuel type is toggled,2026-06-29,"After correcting a wrong tax factor, recalculation only happens if the fuel type is switched and back; it should trigger on any factor change.",Unknown,Planhat,
Bug: a tax value of 0 is treated as missing data,2026-06-29,For EVs a tax amount of 0 is handled as empty; users want to mark 'no taxes' without it showing as missing info.,Unknown,Planhat,
Fleet managers want automatic readout of vehicle registration papers on upload,2026-06-29,"Auto-read registration papers during vehicle creation and only fill missing fields from the external database, which is often wrong.",Unknown,Planhat,
Fleet managers want tire-purchase invoice data added to the vehicle's tire reference data,2026-06-29,"When a tire purchase is detected on an invoice, prompt to add it to the tire section and specify which axles, like fuel-card notices.",Unknown,Planhat,
Fleet managers want the DLC to match licence class against the assigned vehicle,2026-06-29,"The DLC only checks that a licence exists, not whether its class matches the vehicle; users want an automatic class-vs-vehicle match to ensure authorisation.",Enterprise,Planhat,
Regression: PDF invoice cost-allocation and line-item itemization no longer work after the AI-readout change,2026-07-07,"Customers report the new AI reader no longer auto-allocates costs via a device identifier nor splits line items, forcing manual allocation and losing per-transaction detail; perceived as a service downgrade.",Multi-entity,Planhat,
Fleet managers want a tracking overview for mileage and odometer requests,2026-07-09,No view shows to whom a mileage request was sent and whether it was answered; a dashboard is wanted.,Unknown,Planhat,
Fleet managers want mileage monitoring based on contract year with a percentage display,2026-07-10,"Monitoring uses total contract mileage; users want per-contract-year tracking, a percentage of contracted mileage, and correct over-mileage colour flags.",Unknown,Planhat,
Fleet managers want suspicious refuelling flagged against tank size,2026-07-10,Refuelling that exceeds the tank size should be recognised as suspicious.,Unknown,Planhat,
"Drivers want more info in the driver app such as lease location, tire location and insurance contacts",2026-07-13,"Users want the driver app to show where the vehicle is leased, where tires are stored, and insurance, leasing and tire contacts.",Unknown,Planhat,
Fleet managers want the comment field visible in the procurement overview,2026-07-13,Users track procurement status in the comment field and want it visible on the overview tab.,Unknown,Planhat,
UX: the mailroom cannot clearly identify documents and cannot re-upload after an error,2026-07-13,"Documents are not clearly identified, and after an error users must find the original files again to re-upload.",Unknown,Planhat,
Fleet managers want a location-history field so cost reports can be run by vehicle location,2026-07-15,Vehicle location changes over time independent of company or cost centre; users need location history for cost reporting.,Unknown,Planhat,
Fleet managers want WhatsApp messaging to drivers from within the platform,2026-07-15,"Drivers ignore email; managers want in-app WhatsApp for checks and handovers with a GDPR-compliant, documented audit trail; possible premium upsell.",Specialised fleet,Planhat,
Fleet managers want to report the leasing return date entered during decommissioning,2026-07-15,Users want the decommissioning leasing-return date available in reporting.,Unknown,Planhat,
"Fleet managers want variable recurring task intervals, e.g. first at 4 years then every 2",2026-07-15,French technical-inspection rules need a 4-year first interval then 2-year cycles; fixed intervals cannot model this.,Unknown,Planhat,
Fleet managers want multi-level pool-booking approvals,2026-07-16,"Bookings should route through tiered approvals: line manager, director if over three days, then fleet manager.",Unknown,Planhat,
"Fleet managers want a full, legally binding handover/return report in the Vehicle Check",2026-07-17,"Managers want a handover/return protocol with an accessories checklist (cards, tire storage, key counts), mandatory attachments, comments and dual e-signatures, replacing paper forms.",Specialised fleet,Planhat,
Fleet managers want the driver number (licence field 4d) extracted during verification,2026-07-20,"In regions where insurers require field 4d, extracting and storing it avoids storing full licence images and speeds claims.",Unknown,Planhat,
Fleet managers want lease under-mileage thresholds modelled in contracts,2026-07-21,"Some leases only reimburse under-mileage beyond a set threshold up to a cap; today only the maximum is mappable, not the starting threshold.",Unknown,Planhat,
Fleet managers want AdBlue excluded from premium-fuel warnings,2026-07-22,"Diesel EURO 6C+ (and future gasoline EURO7+) vehicles require AdBlue, so it should not trigger premium-fuel warnings.",Unknown,Planhat,
Fleet managers want recurring notifications listing invoices with missing info or rejected,2026-07-22,A scheduled report of missing-info or rejected invoices would let a central supervisor act without logging in; useful across multi-country deployments.,Multi-entity,Planhat,
Fleet managers want to attach a map location link to damages,2026-07-24,Users want to enter a Google-Maps location link for the damage.,Unknown,Planhat,
Fleet managers want custom procurement statuses and status tags on the procurement grid,2026-07-24,Rigid Quote/Delivery/Approval stages force title-field workarounds that break replacement links; multiple enterprise accounts want custom statuses plus grid tags.,Multi-entity,Planhat,
Fleet managers want flexible columns and custom-metadata visibility in procurement and vehicle overviews,2026-07-24,"Overviews cannot show custom metadata such as status comments, fuel-card confirmations, reserved plates or tracking IDs; several enterprise accounts want configurable columns to avoid opening each record.",Enterprise,Planhat,
"Fleet managers want procurement-inbox email controls: CC, thread forwarding, unread persistence and sorting",2026-07-24,"The procurement inbox lacks CC forwarding, whole-thread forwarding, unread persistence, unlinked replies and newest-first sorting; high-volume comms teams need these for coverage and compliance.",Enterprise,Planhat,
Fleet managers want insurance costs split per contract in the fleet cost overview,2026-07-24,"A customer with two active insurance contracts sees only the combined cost, not per-contract.",Unknown,Planhat,
Fleet managers want folder-level user rights so not all users can open procurement-folder documents,2026-07-28,Not all users should see documents in the procurement folder; folder-level access rights are wanted.,Unknown,Planhat,
I go straight to pricing before looking at product or feature content.,2025-11-18,"Several prospects treated Tarife as their first or primary CTA, often before reading any value content.",Prospect,Usability test,https://docs.google.com/spreadsheets/d/1CrcTdynYGu6pZ8oNLh9NxccwLBVc6SetZUvaPCfrVuY
I don't trust a package recommendation the site makes before it knows my requirements.,2025-11-18,Prospects wanted a short qualifying questionnaire that then returns a recommended tier.,Prospect,Usability test,https://docs.google.com/spreadsheets/d/1CrcTdynYGu6pZ8oNLh9NxccwLBVc6SetZUvaPCfrVuY
I couldn't find the differences between packages because I didn't scroll to the comparison table.,2025-11-18,Package titles aren't sticky and the full feature table sits well below the highlights; several didn't reach it.,Small fleet,Usability test,https://docs.google.com/spreadsheets/d/1CrcTdynYGu6pZ8oNLh9NxccwLBVc6SetZUvaPCfrVuY
"I want pricing banded by fleet size, not only shown per vehicle.",2025-11-18,Per-vehicle price went unnoticed by at least one prospect; they expected tiers by vehicle-count band.,Prospect,Usability test,https://docs.google.com/spreadsheets/d/1CrcTdynYGu6pZ8oNLh9NxccwLBVc6SetZUvaPCfrVuY
"Percentage claims like ""92% less admin"" feel exaggerated when I don't yet know the effort involved.",2025-11-18,Stat teaser modules read as reißerisch; prospects preferred to judge the value themselves.,Prospect,Usability test,https://docs.google.com/spreadsheets/d/1CrcTdynYGu6pZ8oNLh9NxccwLBVc6SetZUvaPCfrVuY
I want to play with a live sandbox of a handful of dummy vehicles before booking anything.,2025-11-18,Repeated request for a self-serve interactive trial over a gated sales demo.,Prospect,Usability test,https://docs.google.com/spreadsheets/d/1CrcTdynYGu6pZ8oNLh9NxccwLBVc6SetZUvaPCfrVuY
I don't want to hand over company data just to see a demo.,2025-11-18,One prospect resisted lead capture and wanted an anonymised self-test.,Small fleet,Usability test,https://docs.google.com/spreadsheets/d/1CrcTdynYGu6pZ8oNLh9NxccwLBVc6SetZUvaPCfrVuY
"I'm unsure whether ""kostenlose Demo"", ""Demo buchen"" and ""kostenlos testen"" mean a download, the live product, or a sales call.",2025-11-18,CTA labels are conflated; prospects expected different things behind each.,Prospect,Usability test,https://docs.google.com/spreadsheets/d/1CrcTdynYGu6pZ8oNLh9NxccwLBVc6SetZUvaPCfrVuY
Being able to book a demo slot directly in a calendar felt great.,2025-11-18,Direct calendar booking was received far more positively than a contact form.,Small fleet,Usability test,https://docs.google.com/spreadsheets/d/1CrcTdynYGu6pZ8oNLh9NxccwLBVc6SetZUvaPCfrVuY
I want a short video showing how to add a vehicle and how invoicing works.,2025-11-18,"A 3-4 minute walkthrough was requested to replace manual, text-heavy feature pages.",Prospect,Usability test,https://docs.google.com/spreadsheets/d/1CrcTdynYGu6pZ8oNLh9NxccwLBVc6SetZUvaPCfrVuY
I didn't notice the site navigation.,2025-11-18,Nav read as low-visibility; a transparent CTA in the nav was acceptable but easily missed.,Small fleet,Usability test,https://docs.google.com/spreadsheets/d/1CrcTdynYGu6pZ8oNLh9NxccwLBVc6SetZUvaPCfrVuY
I scroll past the tab sections under the hero instead of clicking through them.,2025-11-18,Tab-based content organisation under the hero was frequently bypassed.,Prospect,Usability test,https://docs.google.com/spreadsheets/d/1CrcTdynYGu6pZ8oNLh9NxccwLBVc6SetZUvaPCfrVuY
"I prefer German labels; English feature names like ""damage"" confuse me.",2025-11-18,German-speaking prospects found English feature terms a barrier.,Prospect,Usability test,https://docs.google.com/spreadsheets/d/1CrcTdynYGu6pZ8oNLh9NxccwLBVc6SetZUvaPCfrVuY
"The package name ""Enterprise"" confused me; I expected something like ""Premium"".",2025-11-18,Tier naming misread (Star Trek association / language barrier).,Small fleet,Usability test,https://docs.google.com/spreadsheets/d/1CrcTdynYGu6pZ8oNLh9NxccwLBVc6SetZUvaPCfrVuY
"I don't understand what ""Fringe Benefits"" means.",2025-11-18,,Small fleet,Usability test,https://docs.google.com/spreadsheets/d/1CrcTdynYGu6pZ8oNLh9NxccwLBVc6SetZUvaPCfrVuY
The euro symbol on add-ons is unclear and needs an explanation.,2025-11-18,,Small fleet,Usability test,https://docs.google.com/spreadsheets/d/1CrcTdynYGu6pZ8oNLh9NxccwLBVc6SetZUvaPCfrVuY
Compliance (fines and violations handling) is attractive because the company bears the cost.,2025-11-18,Seen as a differentiator; not integrated in the prospect's incumbent tool.,Small fleet,Usability test,https://docs.google.com/spreadsheets/d/1CrcTdynYGu6pZ8oNLh9NxccwLBVc6SetZUvaPCfrVuY
I don't believe damage management reduces the damage rate because the human factor dominates.,2025-11-18,Prospects read the bullets but couldn't see the mechanism; the claim met scepticism.,Prospect,Usability test,https://docs.google.com/spreadsheets/d/1CrcTdynYGu6pZ8oNLh9NxccwLBVc6SetZUvaPCfrVuY
"I ignore the testimonial slider and trust numbers, data and customer logos instead.",2025-11-18,Testimonials were consistently skipped; logos were read as proof the tool is established.,Prospect,Usability test,https://docs.google.com/spreadsheets/d/1CrcTdynYGu6pZ8oNLh9NxccwLBVc6SetZUvaPCfrVuY
Seeing known customer logos above the fold makes the tool feel established and trustworthy.,2025-11-18,The live version with logos above the fold was preferred.,Prospect,Usability test,https://docs.google.com/spreadsheets/d/1CrcTdynYGu6pZ8oNLh9NxccwLBVc6SetZUvaPCfrVuY
The design looks clean and trustworthy but a bit monochrome; I'd like more colour.,2025-11-18,,Small fleet,Usability test,https://docs.google.com/spreadsheets/d/1CrcTdynYGu6pZ8oNLh9NxccwLBVc6SetZUvaPCfrVuY
"I don't understand why there are separate sub-brands or what ""by Shiftmove"" means for a feature.",2025-11-18,"The ""Vimcar by Shiftmove"" / Motum sub-brand structure confused a prospect, who worried a feature could disappear if a sub-brand ended its contract.",Small fleet,Usability test,https://docs.google.com/spreadsheets/d/1CrcTdynYGu6pZ8oNLh9NxccwLBVc6SetZUvaPCfrVuY
"Interfaces to fuel cards, leasing providers and accounting are a decision-critical worry for me.",2025-11-18,Recurring doubt that individual integration needs are covered by standard pricing; the human factor is the pain when a new interface is required.,Large fleet,Usability test,https://docs.google.com/spreadsheets/d/1CrcTdynYGu6pZ8oNLh9NxccwLBVc6SetZUvaPCfrVuY
"The new vehicle-procurement page doesn't convince me as a USP and I want to see the workflow, not manual entry.",2025-11-18,Procurement-relevant prospects wanted automation and supplier-interface detail rather than a feature teaser.,Large fleet,Usability test,https://docs.google.com/spreadsheets/d/1CrcTdynYGu6pZ8oNLh9NxccwLBVc6SetZUvaPCfrVuY
I can't roll out the driver app because not all field staff have a company email address.,2025-11-18,Email-dependent onboarding blocks pool-vehicle reservation; QR / Microsoft Forms workarounds are used instead.,Small fleet,Usability test,https://docs.google.com/spreadsheets/d/1CrcTdynYGu6pZ8oNLh9NxccwLBVc6SetZUvaPCfrVuY
"After scanning the hero I could describe the value as automating processes to save time, cut costs and ensure legal certainty.",2025-11-18,The hero value proposition was broadly understood in prospects' own words.,Prospect,Usability test,https://docs.google.com/spreadsheets/d/1CrcTdynYGu6pZ8oNLh9NxccwLBVc6SetZUvaPCfrVuY
"When I click ""alle Vorteile entdecken"" I expect a concise one-page bulleted overview of all benefits with short explanations.",2025-11-18,,Prospect,Usability test,https://docs.google.com/spreadsheets/d/1CrcTdynYGu6pZ8oNLh9NxccwLBVc6SetZUvaPCfrVuY
"The further down the page I scroll, the less relevant the information feels.",2025-11-18,Prospects perceived information relevance degrading below the fold.,Prospect,Usability test,https://docs.google.com/spreadsheets/d/1CrcTdynYGu6pZ8oNLh9NxccwLBVc6SetZUvaPCfrVuY
I want to see actual product screens rather than handbook-style descriptions.,2025-11-18,The status quo felt static; prospects wanted to see the masks and KPIs and judge fit themselves.,Prospect,Usability test,https://docs.google.com/spreadsheets/d/1CrcTdynYGu6pZ8oNLh9NxccwLBVc6SetZUvaPCfrVuY
I would start with the cheapest package and upgrade only if it isn't enough.,2025-11-18,,Small fleet,Usability test,https://docs.google.com/spreadsheets/d/1CrcTdynYGu6pZ8oNLh9NxccwLBVc6SetZUvaPCfrVuY
